,filename,precision,recall,f1,cosine_sim,levenshtein_distance,labels,inv_levenshtein,overall,language
0,CARMEN-I_CC_1.txt,0.6666666666666666,0.75,0.7058823529411765,0.9357830726494106,0,"[['PROFESION', 'FAMILIARES_SUJETO_ASISTENCIA', 'FAMILIARES_SUJETO_ASISTENCIA', 'FECHAS', 'FECHAS', 'NUMERO_TELEFONO', 'NUMERO_TELEFONO', 'FECHAS', 'FECHAS', 'FECHAS', 'FECHAS', 'FECHAS', 'FECHAS', 'FECHAS', 'FECHAS', 'OTROS_SUJETO_ASISTENCIA'], ['PROFESION', 'OTROS_SUJETO_ASISTENCIA', 'EDAD_SUJETO_ASISTENCIA', 'OTROS_SUJETO_ASISTENCIA', 'FECHAS', 'FECHAS', 'NUMERO_TELEFONO', 'NUMERO_TELEFONO', 'NUMERO_TELEFONO', 'FECHAS', 'FECHAS', 'FECHAS', 'FECHAS', 'FECHAS', 'FECHAS', 'FECHAS', 'INSTITUCION', 'INSTITUCION']]",1.0,4.058332092257254,es
1,CARMEN-I_CC_2.txt,0.7272727272727273,0.4,0.5161290322580645,0.9569385848656233,350,"[['FECHAS', 'INSTITUCION', 'FAMILIARES_SUJETO_ASISTENCIA', 'FECHAS', 'FECHAS', 'INSTITUCION', 'FECHAS', 'FECHAS', 'FECHAS', 'FECHAS', 'FECHAS', 'INSTITUCION', 'FAMILIARES_SUJETO_ASISTENCIA', 'FECHAS', 'FECHAS', 'FECHAS', 'FECHAS', 'FECHAS', 'FECHAS', 'NUMERO_IDENTIF'], ['FECHAS', 'EDAD_SUJETO_ASISTENCIA', 'EDAD_SUJETO_ASISTENCIA', 'FECHAS', 'FECHAS', 'FECHAS', 'FECHAS', 'EDAD_SUJETO_ASISTENCIA', 'FECHAS', 'FECHAS', 'FECHAS']]",0.002857142857142857,2.603197487253558,bi
2,CARMEN-I_CC_3.txt,0.5,0.3333333333333333,0.4,0.9912570015720051,61,"[['FECHAS', 'FECHAS', 'FECHAS'], ['FAMILIARES_SUJETO_ASISTENCIA', 'FECHAS']]",0.01639344262295082,2.2409837775282893,es
3,CARMEN-I_CC_4.txt,1.0,0.8947368421052632,0.9444444444444444,0.9873348686298691,118,"[['PROFESION', 'FAMILIARES_SUJETO_ASISTENCIA', 'FECHAS', 'FECHAS', 'FECHAS', 'NUMERO_TELEFONO', 'NUMERO_TELEFONO', 'FECHAS', 'FAMILIARES_SUJETO_ASISTENCIA', 'FECHAS', 'FECHAS', 'FECHAS', 'FECHAS', 'FECHAS', 'FECHAS', 'FECHAS', 'FECHAS', 'FECHAS', 'FECHAS'], ['PROFESION', 'FECHAS', 'FECHAS', 'FECHAS', 'NUMERO_TELEFONO', 'NUMERO_TELEFONO', 'FECHAS', 'FECHAS', 'FECHAS', 'FECHAS', 'FECHAS', 'FECHAS', 'FECHAS', 'FECHAS', 'FECHAS', 'FECHAS', 'FECHAS']]",0.00847457627118644,3.834990731450763,es
4,CARMEN-I_CC_5.txt,0.18888888888888888,0.7391304347826086,0.3008849557522124,0.36335368600796875,0,"[['PROFESION', 'FAMILIARES_SUJETO_ASISTENCIA', 'FECHAS', 'FECHAS', 'FECHAS', 'NUMERO_TELEFONO', 'NUMERO_TELEFONO', 'FECHAS', 'FECHAS', 'FECHAS', 'FECHAS', 'FECHAS', 'FECHAS', 'FECHAS', 'FECHAS', 'FECHAS', 'FECHAS', 'FECHAS', 'FECHAS', 'FECHAS', 'FECHAS', 'FECHAS', 'FECHAS'], ['PROFESION', 'OTROS_SUJETO_ASISTENCIA', 'CALLE', 'ANT_MED', 'ALERGIAS', 'FECHAS', 'FECHAS', 'SINTOMAS', 'SINTOMAS', 'VALOR', 'SINTOMAS', 'VALOR', 'SINTOMAS', 'VALOR', 'SINTOMAS', 'VALOR', 'MEDICAMENTO', 'DOSE', 'FRECUENCIA', 'FECHAS', 'NUMERO_TELEFONO', 'NUMERO_TELEFONO', 'FECHAS', 'MEDICAMENTO', 'DOSE', 'FRECUENCIA', 'SINTOMAS', 'VALOR', 'SINTOMAS', 'VALOR', 'SINTOMAS', 'VALOR', 'SINTOMAS', 'VALOR', 'FECHAS', 'FECHAS', 'MEDICAMENTO', 'DOSE', 'FRECUENCIA', 'SINTOMAS', 'VALOR', 'SINTOMAS', 'VALOR', 'SINTOMAS', 'VALOR', 'SINTOMAS', 'VALOR', 'FECHAS', 'FECHAS', 'MEDICAMENTO', 'DOSE', 'FRECUENCIA', 'SINTOMAS', 'VALOR', 'SINTOMAS', 'VALOR', 'SINTOMAS', 'VALOR', 'SINTOMAS', 'VALOR', 'FECHAS', 'FECHAS', 'MEDICAMENTO', 'DOSE', 'FRECUENCIA', 'SINTOMAS', 'VALOR', 'SINTOMAS', 'VALOR', 'SINTOMAS', 'VALOR', 'SINTOMAS', 'VALOR', 'FECHAS', 'SINTOMAS', 'FECHAS', 'FECHAS', 'MEDICAMENTO', 'DOSE', 'FRECUENCIA', 'SINTOMAS', 'VALOR', 'SINTOMAS', 'VALOR', 'SINTOMAS', 'VALOR', 'SINTOMAS', 'VALOR', 'FECHAS', 'SINTOMAS']]",1.0,2.5922579654316786,es
5,CARMEN-I_IA_ANTECEDENTES_1.txt,1.0,0.1875,0.3157894736842105,0.9207427407995231,221,"[['SEXO_SUJETO_ASISTENCIA', 'EDAD_SUJETO_ASISTENCIA', 'FAMILIARES_SUJETO_ASISTENCIA', 'FECHAS', 'FECHAS', 'FECHAS', 'OTROS_SUJETO_ASISTENCIA', 'HOSPITAL', 'FECHAS', 'HOSPITAL', 'FECHAS', 'FECHAS', 'HOSPITAL', 'FECHAS', 'FECHAS', 'FECHAS'], ['EDAD_SUJETO_ASISTENCIA', 'HOSPITAL', 'HOSPITAL']]",0.004524886877828055,2.428557101361562,es
6,CARMEN-I_IA_ANTECEDENTES_10.txt,0.2,0.14285714285714285,0.16666666666666666,0.9107583767235211,84,"[['FECHAS', 'PAIS', 'PAIS', 'PAIS', 'PAIS', 'PAIS', 'FAMILIARES_SUJETO_ASISTENCIA'], ['PAIS', 'TERRITORIO', 'TERRITORIO', 'TERRITORIO', 'TERRITORIO']]",0.011904761904761904,1.4321869481520926,es
7,CARMEN-I_IA_ANTECEDENTES_100.txt,1.0,0.09090909090909091,0.16666666666666669,0.8456793590216297,288,"[['SEXO_SUJETO_ASISTENCIA', 'EDAD_SUJETO_ASISTENCIA', 'TERRITORIO', 'PAIS', 'PAIS', 'FECHAS', 'FECHAS', 'FECHAS', 'PAIS', 'HOSPITAL', 'NOMBRE_PERSONAL_SANITARIO', 'FECHAS', 'FECHAS', 'FECHAS', 'FECHAS', 'FECHAS', 'FECHAS', 'FECHAS', 'FECHAS', 'FECHAS', 'FECHAS', 'FECHAS'], ['EDAD_SUJETO_ASISTENCIA', 'PAIS']]",0.003472222222222222,2.1067273388196095,es
8,CARMEN-I_IA_ANTECEDENTES_101.txt,1.0,0.02,0.0392156862745098,0.5367117853353787,641,"[['SEXO_SUJETO_ASISTENCIA', 'EDAD_SUJETO_ASISTENCIA', 'FECHAS', 'HOSPITAL', 'FECHAS', 'FECHAS', 'FECHAS', 'FECHAS', 'FECHAS', 'FECHAS', 'FECHAS', 'FECHAS', 'FECHAS', 'FECHAS', 'FECHAS', 'FECHAS', 'FECHAS', 'FECHAS', 'FECHAS', 'FECHAS', 'FECHAS', 'FECHAS', 'FECHAS', 'FECHAS', 'FECHAS', 'FECHAS', 'FECHAS', 'FECHAS', 'FECHAS', 'FECHAS', 'FECHAS', 'FECHAS', 'FECHAS', 'FECHAS', 'FECHAS', 'FECHAS', 'FECHAS', 'FECHAS', 'FECHAS', 'FECHAS', 'FECHAS', 'FECHAS', 'FECHAS', 'FECHAS', 'FECHAS', 'FECHAS', 'FECHAS', 'FECHAS', 'FECHAS', 'FECHAS'], ['EDAD_SUJETO_ASISTENCIA']]",0.0015600624024961,1.5974875340123846,es
9,CARMEN-I_IA_ANTECEDENTES_103.txt,0.375,0.42857142857142855,0.39999999999999997,0.7361078968037279,0,"[['SEXO_SUJETO_ASISTENCIA', 'EDAD_SUJETO_ASISTENCIA', 'PROFESION', 'FECHAS', 'FECHAS', 'FECHAS', 'FECHAS'], ['EDAD_SUJETO_ASISTENCIA', 'PROFESION', 'FECHAS', 'NUMERO', 'NUMERO', 'NUMERO', 'NUMERO', 'NUMERO']]",1.0,2.9396793253751565,es
10,CARMEN-I_IA_ANTECEDENTES_104.txt,0.22857142857142856,0.8,0.3555555555555555,0.6455329695392843,0,"[['SEXO_SUJETO_ASISTENCIA', 'EDAD_SUJETO_ASISTENCIA', 'FAMILIARES_SUJETO_ASISTENCIA', 'FECHAS', 'FECHAS', 'FECHAS', 'FECHAS', 'FECHAS', 'FECHAS', 'FECHAS'], ['EDAD_SUJETO_ASISTENCIA', 'OTROS_SUJETO_ASISTENCIA', 'FAMILIARES_SUJETO_ASISTENCIA', 'FECHAS', 'EDAD_SUJETO_ASISTENCIA', 'FECHAS', 'INSTITUCION', 'NUMERO_TELEFONO', 'NUMERO_IDENTIF', 'NUMERO_TELEFONO', 'NUMERO_TELEFONO', 'NUMERO_IDENTIF', 'INSTITUCION', 'OTROS_SUJETO_ASISTENCIA', 'FAMILIARES_SUJETO_ASISTENCIA', 'FECHAS', 'FAMILIARES_SUJETO_ASISTENCIA', 'FAMILIARES_SUJETO_ASISTENCIA', 'FECHAS', 'OTROS_SUJETO_ASISTENCIA', 'OTROS_SUJETO_ASISTENCIA', 'FECHAS', 'FAMILIARES_SUJETO_ASISTENCIA', 'FECHAS', 'NUMERO_IDENTIF', 'NUMERO_IDENTIF', 'NUMERO_IDENTIF', 'NUMERO_IDENTIF', 'NUMERO_IDENTIF', 'NUMERO_IDENTIF', 'NUMERO_IDENTIF', 'NUMERO_IDENTIF', 'NUMERO_IDENTIF', 'NUMERO_IDENTIF', 'NUMERO_IDENTIF']]",1.0,3.0296599536662683,es
11,CARMEN-I_IA_ANTECEDENTES_105.txt,0.8461538461538461,0.7333333333333333,0.7857142857142856,0.990414062564777,87,"[['SEXO_SUJETO_ASISTENCIA', 'EDAD_SUJETO_ASISTENCIA', 'FAMILIARES_SUJETO_ASISTENCIA', 'FECHAS', 'FECHAS', 'FECHAS', 'HOSPITAL', 'FECHAS', 'FECHAS', 'HOSPITAL', 'FECHAS', 'FECHAS', 'FECHAS', 'HOSPITAL', 'FECHAS'], ['EDAD_SUJETO_ASISTENCIA', 'FECHAS', 'FECHAS', 'FECHAS', 'HOSPITAL', 'FECHAS', 'FECHAS', 'CENTRO_SALUD', 'FECHAS', 'FECHAS', 'FECHAS', 'CENTRO_SALUD', 'FECHAS']]",0.011494252873563218,3.367109780639805,es
12,CARMEN-I_IA_ANTECEDENTES_106.txt,0.18181818181818182,0.8571428571428571,0.30000000000000004,0.4766130598104669,0,"[['EDAD_SUJETO_ASISTENCIA', 'PAIS', 'TERRITORIO', 'FAMILIARES_SUJETO_ASISTENCIA', 'FECHAS', 'FECHAS', 'FECHAS'], ['EDAD_SUJETO_ASISTENCIA', 'FAMILIARES_SUJETO_ASISTENCIA', 'OTROS_SUJETO_ASISTENCIA', 'PAIS', 'TERRITORIO', 'OTROS_SUJETO_ASISTENCIA', 'FECHAS', 'FAMILIARES_SUJETO_ASISTENCIA', 'FECHAS', 'FAMILIARES_SUJETO_ASISTENCIA', 'FAMILIARES_SUJETO_ASISTENCIA', 'OTROS_SUJETO_ASISTENCIA', 'OTROS_SUJETO_ASISTENCIA', 'OTROS_SUJETO_ASISTENCIA', 'FAMILIARES_SUJETO_ASISTENCIA', 'FAMILIARES_SUJETO_ASISTENCIA', 'FAMILIARES_SUJETO_ASISTENCIA', 'FAMILIARES_SUJETO_ASISTENCIA', 'FAMILIARES_SUJETO_ASISTENCIA', 'FAMILIARES_SUJETO_ASISTENCIA', 'FAMILIARES_SUJETO_ASISTENCIA', 'FAMILIARES_SUJETO_ASISTENCIA', 'FECHAS', 'OTROS_SUJETO_ASISTENCIA', 'OTROS_SUJETO_ASISTENCIA', 'OTROS_SUJETO_ASISTENCIA', 'FAMILIARES_SUJETO_ASISTENCIA', 'OTROS_SUJETO_ASISTENCIA', 'OTROS_SUJETO_ASISTENCIA', 'FAMILIARES_SUJETO_ASISTENCIA', 'OTROS_SUJETO_ASISTENCIA', 'OTROS_SUJETO_ASISTENCIA', 'OTROS_SUJETO_ASISTENCIA']]",1.0,2.815574098771506,es
13,CARMEN-I_IA_ANTECEDENTES_107.txt,1.0,0.05,0.09523809523809523,0.8760947095913413,315,"[['SEXO_SUJETO_ASISTENCIA', 'EDAD_SUJETO_ASISTENCIA', 'FAMILIARES_SUJETO_ASISTENCIA', 'FAMILIARES_SUJETO_ASISTENCIA', 'FECHAS', 'FECHAS', 'FECHAS', 'FECHAS', 'FECHAS', 'FECHAS', 'FECHAS', 'FECHAS', 'NOMBRE_PERSONAL_SANITARIO', 'FECHAS', 'FECHAS', 'FECHAS', 'FECHAS', 'FECHAS', 'FECHAS', 'FECHAS'], ['EDAD_SUJETO_ASISTENCIA']]",0.0031746031746031746,2.0245074080040397,es
14,CARMEN-I_IA_ANTECEDENTES_108.txt,0.08695652173913043,1.0,0.16,0.6941332536059167,74,"[['EDAD_SUJETO_ASISTENCIA', 'PROFESION'], ['EDAD_SUJETO_ASISTENCIA', '  ', '  ', 'PROFESION', '  ', '  ', '  ', '  ', '  ']]",0.013513513513513514,1.9546032888585607,es
15,CARMEN-I_IA_ANTECEDENTES_109.txt,1.0,0.16666666666666666,0.2857142857142857,0.9583130727911268,86,"[['SEXO_SUJETO_ASISTENCIA', 'EDAD_SUJETO_ASISTENCIA', 'FECHAS', 'FECHAS', 'FECHAS', 'FECHAS'], ['EDAD_SUJETO_ASISTENCIA']]",0.011627906976744186,2.4223219321488236,bi
16,CARMEN-I_IA_ANTECEDENTES_11.txt,0.13333333333333333,1.0,0.23529411764705882,0.943797814609009,0,"[['EDAD_SUJETO_ASISTENCIA', 'FAMILIARES_SUJETO_ASISTENCIA', 'FECHAS', 'FECHAS'], ['EDAD_SUJETO_ASISTENCIA', 'FECHAS', 'FECHAS', 'OTROS_SUJETO_ASISTENCIA', 'FAMILIARES_SUJETO_ASISTENCIA', 'FAMILIARES_SUJETO_ASISTENCIA', 'HOSPITAL', 'FECHAS', 'HOSPITAL', 'ESÓFAGO DE BARRET', 'FECHAS', 'PROLAPSO DE VÁLVULA MITRAL', 'PROFESION', 'INSTITUCION', 'PROFESION', 'PROLAPSO DE VÁLVULA MITRAL', 'INTERVENCIONES QUIRÚRGICAS', 'INTERVENCIONES QUIRÚRGICAS', 'TRATAMIENTO HABITUAL']]",1.0,3.3124252655894013,es
17,CARMEN-I_IA_ANTECEDENTES_110.txt,0.42857142857142855,0.4,0.4137931034482759,0.7751518496892664,296,"[['SEXO_SUJETO_ASISTENCIA', 'EDAD_SUJETO_ASISTENCIA', 'FECHAS', 'FECHAS', 'PROFESION', 'FAMILIARES_SUJETO_ASISTENCIA', 'FAMILIARES_SUJETO_ASISTENCIA', 'FAMILIARES_SUJETO_ASISTENCIA', 'FAMILIARES_SUJETO_ASISTENCIA', 'FAMILIARES_SUJETO_ASISTENCIA', 'FAMILIARES_SUJETO_ASISTENCIA', 'FECHAS', 'FECHAS', 'HOSPITAL', 'FECHAS'], ['EDAD_SUJETO_ASISTENCIA', 'PROFESION', 'OTROS_SUJETO_ASISTENCIA', 'OTROS_SUJETO_ASISTENCIA', 'OTROS_SUJETO_ASISTENCIA', 'OTROS_SUJETO_ASISTENCIA', 'OTROS_SUJETO_ASISTENCIA', 'OTROS_SUJETO_ASISTENCIA', 'FAMILIARES_SUJETO_ASISTENCIA', 'FAMILIARES_SUJETO_ASISTENCIA', 'FAMILIARES_SUJETO_ASISTENCIA', 'FAMILIARES_SUJETO_ASISTENCIA', 'HOSPITAL', 'MEDICAMENTOS']]",0.0033783783783783786,2.0208947600873493,es
18,CARMEN-I_IA_ANTECEDENTES_111.txt,1.0,0.08333333333333333,0.15384615384615385,0.8543713718513049,193,"[['SEXO_SUJETO_ASISTENCIA', 'EDAD_SUJETO_ASISTENCIA', 'FECHAS', 'HOSPITAL', 'HOSPITAL', 'FECHAS', 'FECHAS', 'FECHAS', 'FECHAS', 'FECHAS', 'FECHAS', 'FECHAS'], ['EDAD_SUJETO_ASISTENCIA']]",0.0051813471502590676,2.096732206181051,es
19,CARMEN-I_IA_ANTECEDENTES_112.txt,1.0,0.4166666666666667,0.5882352941176471,0.8661200370303186,137,"[['SEXO_SUJETO_ASISTENCIA', 'EDAD_SUJETO_ASISTENCIA', 'PAIS', 'TERRITORIO', 'FECHAS', 'PROFESION', 'FECHAS', 'PAIS', 'FECHAS', 'FECHAS', 'ID_SUJETO_ASISTENCIA', 'FECHAS'], ['EDAD_SUJETO_ASISTENCIA', 'PAIS', 'TERRITORIO', 'PROFESION', 'PAIS']]",0.0072992700729927005,2.878321267887625,es
20,CARMEN-I_IA_ANTECEDENTES_113.txt,0.05,0.06666666666666667,0.05714285714285715,0.7886415183947452,0,"[['SEXO_SUJETO_ASISTENCIA', 'EDAD_SUJETO_ASISTENCIA', 'FECHAS', 'HOSPITAL', 'NOMBRE_PERSONAL_SANITARIO', 'FECHAS', 'HOSPITAL', 'FECHAS', 'FECHAS', 'HOSPITAL', 'TERRITORIO', 'FECHAS', 'HOSPITAL', 'FECHAS', 'FECHAS'], ['EDAD_SUJETO_ASISTENCIA', 'INSTITUCION', 'INSTITUCION', 'INSTITUCION', 'MEDICACIÓN', 'INSTITUCION', 'INSTITUCION', 'INSTITUCION', 'INSTITUCION', 'INSTITUCION', 'MEDICACIÓN', 'MEDICACIÓN', 'MEDICACIÓN', 'MEDICACIÓN', 'MEDICACIÓN', 'MEDICACIÓN', 'MEDICACIÓN', 'MEDICACIÓN', 'MEDICACIÓN', 'MEDICACIÓN']]",1.0,1.962451042204269,es
21,CARMEN-I_IA_ANTECEDENTES_114.txt,0.21739130434782608,0.7142857142857143,0.3333333333333333,0.6508120850671647,0,"[['SEXO_SUJETO_ASISTENCIA', 'EDAD_SUJETO_ASISTENCIA', 'PAIS', 'TERRITORIO', 'FAMILIARES_SUJETO_ASISTENCIA', 'FAMILIARES_SUJETO_ASISTENCIA', 'PROFESION'], ['EDAD_SUJETO_ASISTENCIA', 'PAIS', 'TERRITORIO', 'TERRITORIO', '2 copas', 'PROFESION', 'EDAD_SUJETO_ASISTENCIA', 'HOSPITAL', 'FAMILIARES_SUJETO_ASISTENCIA', 'MEDICACION HABITUAL', 'FAMILIARES_SUJETO_ASISTENCIA', 'FAMILIARES_SUJETO_ASISTENCIA', 'FAMILIARES_SUJETO_ASISTENCIA', 'FAMILIARES_SUJETO_ASISTENCIA', 'HOSPITAL', 'MEDICACION HABITUAL', 'MEDICACION HABITUAL', 'MEDICACION HABITUAL']]",1.0,2.915822437034038,es
22,CARMEN-I_IA_ANTECEDENTES_115.txt,0.2222222222222222,0.5,0.30769230769230765,0.8845958846411104,0,"[['SEXO_SUJETO_ASISTENCIA', 'EDAD_SUJETO_ASISTENCIA', 'FECHAS', 'FECHAS'], ['EDAD_SUJETO_ASISTENCIA', 'FECHAS', 'NUMERO_MEDICAMENTO', 'NUMERO_MEDICAMENTO', 'NUMERO_MEDICAMENTO', 'NUMERO_MEDICAMENTO', 'NUMERO_MEDICAMENTO', 'NUMERO_MEDICAMENTO', 'NUMERO_MEDICAMENTO']]",1.0,2.9145104145556404,bi
23,CARMEN-I_IA_ANTECEDENTES_116.txt,0.75,0.5454545454545454,0.631578947368421,0.9080682838287757,182,"[['SEXO_SUJETO_ASISTENCIA', 'EDAD_SUJETO_ASISTENCIA', 'FECHAS', 'PAIS', 'PAIS', 'FAMILIARES_SUJETO_ASISTENCIA', 'PAIS', 'FAMILIARES_SUJETO_ASISTENCIA', 'TERRITORIO', 'PROFESION', 'PAIS'], ['EDAD_SUJETO_ASISTENCIA', 'PAIS', 'PAIS', 'TERRITORIO', 'PROFESION', 'FAMILIARES_SUJETO_ASISTENCIA', 'PAIS', 'FAMILIARES_SUJETO_ASISTENCIA']]",0.005494505494505495,2.8405962821462474,es
24,CARMEN-I_IA_ANTECEDENTES_117.txt,0.75,0.3,0.4285714285714285,0.8735157234296701,219,"[['FAMILIARES_SUJETO_ASISTENCIA', 'TERRITORIO', 'PAIS', 'PROFESION', 'FAMILIARES_SUJETO_ASISTENCIA', 'FAMILIARES_SUJETO_ASISTENCIA', 'FAMILIARES_SUJETO_ASISTENCIA', 'FECHAS', 'FECHAS', 'HOSPITAL'], ['PAIS', 'PROFESION', 'EDAD_SUJETO_ASISTENCIA', 'HOSPITAL']]",0.0045662100456621,2.356653362046761,es
25,CARMEN-I_IA_ANTECEDENTES_118.txt,1.0,0.3333333333333333,0.5,0.9396977469624509,146,"[['SEXO_SUJETO_ASISTENCIA', 'EDAD_SUJETO_ASISTENCIA', 'FAMILIARES_SUJETO_ASISTENCIA', 'FAMILIARES_SUJETO_ASISTENCIA', 'HOSPITAL', 'FECHAS', 'FECHAS', 'FECHAS', 'HOSPITAL'], ['EDAD_SUJETO_ASISTENCIA', 'HOSPITAL', 'HOSPITAL']]",0.00684931506849315,2.7798803953642772,es
26,CARMEN-I_IA_ANTECEDENTES_119.txt,0.75,0.6,0.6666666666666665,0.9012013542188976,86,"[['SEXO_SUJETO_ASISTENCIA', 'EDAD_SUJETO_ASISTENCIA', 'PAIS', 'TERRITORIO', 'FAMILIARES_SUJETO_ASISTENCIA'], ['EDAD_SUJETO_ASISTENCIA', 'PAIS', 'TERRITORIO', 'INSTITUCION']]",0.011627906976744186,2.9294959278623085,es
27,CARMEN-I_IA_ANTECEDENTES_12.txt,1.0,0.037037037037037035,0.07142857142857142,0.9556061365233381,483,"[['EDAD_SUJETO_ASISTENCIA', 'FECHAS', 'FECHAS', 'FECHAS', 'FECHAS', 'FECHAS', 'FECHAS', 'HOSPITAL', 'NOMBRE_PERSONAL_SANITARIO', 'NOMBRE_PERSONAL_SANITARIO', 'FECHAS', 'HOSPITAL', 'FECHAS', 'HOSPITAL', 'FECHAS', 'NOMBRE_PERSONAL_SANITARIO', 'FECHAS', 'TERRITORIO', 'FECHAS', 'FECHAS', 'FECHAS', 'NOMBRE_PERSONAL_SANITARIO', 'FECHAS', 'FECHAS', 'FAMILIARES_SUJETO_ASISTENCIA', 'FAMILIARES_SUJETO_ASISTENCIA', 'FECHAS'], ['EDAD_SUJETO_ASISTENCIA']]",0.002070393374741201,2.0661421383636873,es
28,CARMEN-I_IA_ANTECEDENTES_120.txt,1.0,0.125,0.2222222222222222,0.913637433440081,219,"[['EDAD_SUJETO_ASISTENCIA', 'EDAD_SUJETO_ASISTENCIA', 'FAMILIARES_SUJETO_ASISTENCIA', 'FECHAS', 'FECHAS', 'FECHAS', 'FECHAS', 'FECHAS', 'FECHAS', 'FECHAS', 'FECHAS', 'FECHAS', 'FECHAS', 'FECHAS', 'FECHAS', 'FECHAS'], ['EDAD_SUJETO_ASISTENCIA', 'EDAD_SUJETO_ASISTENCIA']]",0.0045662100456621,2.2654258657079653,es
29,CARMEN-I_IA_ANTECEDENTES_121.txt,0.2,0.2222222222222222,0.2105263157894737,0.9160152090921213,0,"[['SEXO_SUJETO_ASISTENCIA', 'EDAD_SUJETO_ASISTENCIA', 'FAMILIARES_SUJETO_ASISTENCIA', 'PROFESION', 'FECHAS', 'FECHAS', 'HOSPITAL', 'FECHAS', 'FECHAS'], ['EDAD_SUJETO_ASISTENCIA', 'PROFESION', 'FAMILIARES_SUJETO_ASISTENCIA', 'FAMILIARES_SUJETO_ASISTENCIA', 'FAMILIARES_SUJETO_ASISTENCIA', 'FAMILIARES_SUJETO_ASISTENCIA', 'FAMILIARES_SUJETO_ASISTENCIA', 'INSTITUCION', 'FAMILIARES_SUJETO_ASISTENCIA', 'FAMILIARES_SUJETO_ASISTENCIA']]",1.0,2.548763747103817,es
30,CARMEN-I_IA_ANTECEDENTES_123.txt,0.2,1.0,0.33333333333333337,0.574258010931757,0,"[['EDAD_SUJETO_ASISTENCIA', 'FECHAS', 'FECHAS', 'FECHAS', 'FECHAS', 'FECHAS', 'FECHAS', 'FECHAS'], ['EDAD_SUJETO_ASISTENCIA', 'NUMERO_SUJETO_ASISTENCIA', 'FAMILIARES_SUJETO_ASISTENCIA', 'RODILLA', 'FECHAS', 'FECHAS', 'OTROS_SUJETO_ASISTENCIA', 'FECHAS', 'FECHAS', 'OTROS_SUJETO_ASISTENCIA', 'OTROS_SUJETO_ASISTENCIA', 'OTROS_SUJETO_ASISTENCIA', 'NUMERO_SUJETO_ASISTENCIA', 'OTROS_SUJETO_ASISTENCIA', 'OTROS_SUJETO_ASISTENCIA', 'OTROS_SUJETO_ASISTENCIA', 'OTROS_SUJETO_ASISTENCIA', 'OTROS_SUJETO_ASISTENCIA', 'OTROS_SUJETO_ASISTENCIA', 'FECHAS', 'OTROS_SUJETO_ASISTENCIA', 'OTROS_SUJETO_ASISTENCIA', 'OTROS_SUJETO_ASISTENCIA', 'OTROS_SUJETO_ASISTENCIA', 'FECHAS', 'OTROS_SUJETO_ASISTENCIA', 'OTROS_SUJETO_ASISTENCIA', 'FECHAS', 'OTROS_SUJETO_ASISTENCIA', 'OTROS_SUJETO_ASISTENCIA', 'OTROS_SUJETO_ASISTENCIA', 'OTROS_SUJETO_ASISTENCIA', 'INSTITUCION', 'OTROS_SUJETO_ASISTENCIA', 'OTROS_SUJETO_ASISTENCIA', 'OTROS_SUJETO_ASISTENCIA', 'TERRITORIO', 'OTROS_SUJETO_ASISTENCIA', 'OTROS_SUJETO_ASISTENCIA', 'OTROS_SUJETO_ASISTENCIA']]",1.0,3.1075913442650904,es
31,CARMEN-I_IA_ANTECEDENTES_124.txt,0.24242424242424243,0.4,0.30188679245283023,0.7967600572796848,0,"[['FECHAS', 'FECHAS', 'FECHAS', 'FECHAS', 'PAIS', 'TERRITORIO', 'PAIS', 'FECHAS', 'TERRITORIO', 'FECHAS', 'PAIS', 'FECHAS', 'PAIS', 'PAIS', 'FECHAS', 'TERRITORIO', 'TERRITORIO', 'TERRITORIO', 'PROFESION', 'FECHAS'], ['FAMILIARES_SUJETO_ASISTENCIA', 'FECHAS', 'NUMERO_TELEFONO', 'OTROS_SUJETO_ASISTENCIA', 'INSTITUCION', 'NUMERO_IDENTIF', 'HOSPITAL', 'SEXO_SUJETO_ASISTENCIA', 'TERRITORIO', 'EDAD_SUJETO_ASISTENCIA', 'CENTRO_SALUD', 'PROFESION', 'ID_SUJETO_ASISTENCIA', 'NOMBRE_PERSONAL_SANITARIO', 'PAIS', 'CALLE', 'TERRITORIO', 'PAIS', 'ID_CONTACTO_ASISTENCIAL', 'FECHAS', 'PAIS', 'TERRITORIO', 'URL_WEB', 'INSTITUCION', 'PROFESION', 'NUMERO_IDENTIF', 'PROFESION', 'FECHAS', 'NOMBRE_PERSONAL_SANITARIO', 'PROFESION', 'NOMBRE_PERSONAL_SANITARIO', 'NOMBRE_PERSONAL_SANITARIO', 'NOMBRE_PERSONAL_SANITARIO']]",1.0,2.7410710921567576,es
32,CARMEN-I_IA_ANTECEDENTES_125.txt,1.0,0.07142857142857142,0.13333333333333333,0.9534738861300354,215,"[['SEXO_SUJETO_ASISTENCIA', 'EDAD_SUJETO_ASISTENCIA', 'FECHAS', 'NOMBRE_PERSONAL_SANITARIO', 'FECHAS', 'FECHAS', 'FECHAS', 'FECHAS', 'FECHAS', 'FECHAS', 'FECHAS', 'FECHAS', 'FECHAS', 'FECHAS'], ['EDAD_SUJETO_ASISTENCIA']]",0.004651162790697674,2.1628869536826376,es
33,CARMEN-I_IA_ANTECEDENTES_126.txt,0.03333333333333333,1.0,0.06451612903225806,0.36845024145476774,0,"[['EDAD_SUJETO_ASISTENCIA'], ['EDAD_SUJETO_ASISTENCIA', 'ENFERMEDAD', 'MEDICAMENTO', 'MEDICAMENTO', 'ENFERMEDAD', 'MEDICAMENTO', 'MEDICAMENTO', 'ENFERMEDAD', 'MEDICAMENTO', 'ENFERMEDAD', 'MEDICAMENTO', 'MEDICAMENTO', 'ENFERMEDAD', 'MEDICAMENTO', 'ANTecedentes_MEDICOS', 'ANTecedentes_MEDICOS', 'ANTecedentes_MEDICOS', 'ANTecedentes_MEDICOS', 'MEDICAMENTO', 'MEDICAMENTO', 'MEDICAMENTO', 'MEDICAMENTO', 'MEDICAMENTO', 'MEDICAMENTO', 'MEDICAMENTO', 'MEDICAMENTO', 'MEDICAMENTO', 'MEDICAMENTO', 'MEDICAMENTO', 'MEDICAMENTO']]",1.0,2.466299703820359,es
34,CARMEN-I_IA_ANTECEDENTES_127.txt,0.6,0.13043478260869565,0.21428571428571427,0.8134818366971432,359,"[['SEXO_SUJETO_ASISTENCIA', 'EDAD_SUJETO_ASISTENCIA', 'FAMILIARES_SUJETO_ASISTENCIA', 'FAMILIARES_SUJETO_ASISTENCIA', 'PROFESION', 'FECHAS', 'HOSPITAL', 'FECHAS', 'FECHAS', 'NOMBRE_PERSONAL_SANITARIO', 'FECHAS', 'FECHAS', 'FECHAS', 'FECHAS', 'FECHAS', 'FECHAS', 'FECHAS', 'FECHAS', 'HOSPITAL', 'FECHAS', 'FECHAS', 'FECHAS', 'FECHAS'], ['EDAD_SUJETO_ASISTENCIA', 'TERRITORIO', 'HOSPITAL', 'INSTITUCION', 'HOSPITAL']]",0.002785515320334262,1.7609878489118875,es
35,CARMEN-I_IA_ANTECEDENTES_128.txt,1.0,0.23076923076923078,0.375,0.938849562221961,283,"[['PAIS', 'TERRITORIO', 'TERRITORIO', 'FECHAS', 'EDAD_SUJETO_ASISTENCIA', 'EDAD_SUJETO_ASISTENCIA', 'EDAD_SUJETO_ASISTENCIA', 'PROFESION', 'FAMILIARES_SUJETO_ASISTENCIA', 'EDAD_SUJETO_ASISTENCIA', 'FECHAS', 'FAMILIARES_SUJETO_ASISTENCIA', 'FECHAS'], ['PAIS', 'TERRITORIO', 'EDAD_SUJETO_ASISTENCIA']]",0.0035335689045936395,2.5481523618957853,es
36,CARMEN-I_IA_ANTECEDENTES_129.txt,1.0,0.03571428571428571,0.0689655172413793,0.9015330367413678,462,"[['SEXO_SUJETO_ASISTENCIA', 'EDAD_SUJETO_ASISTENCIA', 'FAMILIARES_SUJETO_ASISTENCIA', 'FAMILIARES_SUJETO_ASISTENCIA', 'FAMILIARES_SUJETO_ASISTENCIA', 'FECHAS', 'FECHAS', 'FECHAS', 'FECHAS', 'FECHAS', 'NOMBRE_PERSONAL_SANITARIO', 'FECHAS', 'FECHAS', 'FECHAS', 'NOMBRE_PERSONAL_SANITARIO', 'FECHAS', 'FECHAS', 'FECHAS', 'FECHAS', 'FECHAS', 'FECHAS', 'FECHAS', 'FECHAS', 'FECHAS', 'FECHAS', 'FECHAS', 'FECHAS', 'FECHAS'], ['EDAD_SUJETO_ASISTENCIA']]",0.0021645021645021645,2.008377341861535,es
37,CARMEN-I_IA_ANTECEDENTES_13.txt,0.75,0.42857142857142855,0.5454545454545454,0.9464345204247889,109,"[['SEXO_SUJETO_ASISTENCIA', 'EDAD_SUJETO_ASISTENCIA', 'PAIS', 'PAIS', 'FAMILIARES_SUJETO_ASISTENCIA', 'FAMILIARES_SUJETO_ASISTENCIA', 'PROFESION'], ['EDAD_SUJETO_ASISTENCIA', 'PAIS', 'FAMILIARES_SUJETO_ASISTENCIA', 'INSTITUCION']]",0.009174311926605505,2.6796348063773685,es
38,CARMEN-I_IA_ANTECEDENTES_130.txt,0.1111111111111111,0.1,0.10526315789473685,0.937483449909838,430,"[['SEXO_SUJETO_ASISTENCIA', 'EDAD_SUJETO_ASISTENCIA', 'PROFESION', 'FAMILIARES_SUJETO_ASISTENCIA', 'FAMILIARES_SUJETO_ASISTENCIA', 'FAMILIARES_SUJETO_ASISTENCIA', 'FECHAS', 'FECHAS', 'FECHAS', 'HOSPITAL', 'NOMBRE_PERSONAL_SANITARIO', 'FECHAS', 'FECHAS', 'FECHAS', 'FECHAS', 'FECHAS', 'HOSPITAL', 'FECHAS', 'FECHAS', 'FECHAS'], ['EDAD_SUJETO_ASISTENCIA', 'PROFESION', 'Omacro', 'Zolpidem', 'Fluoxetina', 'Atorvastatina', 'Becozyme C forte', 'Acfol', 'Advagraf', 'Omeprazol', 'Dacortin', 'Lantus', 'Novorapid', 'Ezetimiba', 'Bisoprolol', 'AAS']]",0.002325581395348837,1.256183300311035,es
39,CARMEN-I_IA_ANTECEDENTES_131.txt,0.9285714285714286,0.6190476190476191,0.742857142857143,0.9713574626510233,191,"[['SEXO_SUJETO_ASISTENCIA', 'EDAD_SUJETO_ASISTENCIA', 'PAIS', 'FECHAS', 'FECHAS', 'FECHAS', 'FECHAS', 'FECHAS', 'FECHAS', 'FECHAS', 'FECHAS', 'FECHAS', 'FECHAS', 'FECHAS', 'FECHAS', 'FECHAS', 'FECHAS', 'FECHAS', 'FECHAS', 'FECHAS', 'FECHAS'], ['EDAD_SUJETO_ASISTENCIA', 'PAIS', 'FECHAS', 'FECHAS', 'FECHAS', 'FECHAS', 'FECHAS', 'FECHAS', 'FECHES', 'FECHAS', 'FECHAS', 'FECHAS', 'FECHAS', 'FECHAS']]",0.005235602094240838,3.267069255221455,bi
40,CARMEN-I_IA_ANTECEDENTES_132.txt,0.21875,0.5384615384615384,0.3111111111111111,0.8204768862231453,270,"[['SEXO_SUJETO_ASISTENCIA', 'EDAD_SUJETO_ASISTENCIA', 'FAMILIARES_SUJETO_ASISTENCIA', 'FECHAS', 'FECHAS', 'FECHAS', 'FECHAS', 'EDAD_SUJETO_ASISTENCIA', 'FECHAS', 'FECHAS', 'CENTRO_SALUD', 'NOMBRE_PERSONAL_SANITARIO', 'FECHAS'], ['EDAD_SUJETO_ASISTENCIA', '1 paq/día', 'OTROS_SUJETO_ASISTENCIA', 'FECHAS', '4 líneas de tratamiento distintas', '2005', '01/03/2020', '56 9%', 'bictarvy 1 Comp/d', '04/11/6', 'EDAD_SUJETO_ASISTENCIA', 'FECHAS', 'FECHAS', 'PROFESION', 'PROFESION', 'INSTITUCION', 'NOMBRE_PERSONAL_SANITARIO', 'FECHAS', 'PROFESION', 'PROFESION', 'PROFESION', 'PROFESION', 'PROFESION', 'PROFESION']]",0.003703703703703704,1.8925032394994987,es
41,CARMEN-I_IA_ANTECEDENTES_133.txt,0.16666666666666666,0.375,0.23076923076923078,0.93111418358921,0,"[['FAMILIARES_SUJETO_ASISTENCIA', 'FECHAS', 'FECHAS', 'FECHAS', 'FECHAS', 'HOSPITAL', 'FECHAS', 'FECHAS'], ['FAMILIARES_SUJETO_ASISTENCIA', 'EDAD_SUJETO_ASISTENCIA', 'ENFERMEDAD_CARDIOVASCULAR', 'ENFERMEDAD_METABÓLICA', 'FECHAS', 'ENFERMEDAD_METABÓLICA', 'SÍNCOPE_CARDIOGÉNICO', 'ENFERMEDAD_CARDIOVASCULAR', 'ENFERMEDAD_CARDIOVASCULAR', 'FUNCIÓN_CARDIACA', 'FUNCIÓN_CARDIACA', 'ENFERMEDAD_ARTICULAR', 'SÍNDROME_PIERNAS_INQUIETAS', 'ENFERMEDAD_OCULAR', 'INTERVENCION_CIRÚRGICA', 'HOSPITAL', 'NEOPLASIA', 'COLON']]",1.0,2.7035500810251074,es
42,CARMEN-I_IA_ANTECEDENTES_134.txt,0.38461538461538464,0.625,0.4761904761904762,0.8571992391638739,0,"[['ID_SUJETO_ASISTENCIA', 'SEXO_SUJETO_ASISTENCIA', 'EDAD_SUJETO_ASISTENCIA', 'PAIS', 'PAIS', 'TERRITORIO', 'PROFESION', 'TERRITORIO', 'ID_SUJETO_ASISTENCIA', 'SEXO_SUJETO_ASISTENCIA', 'FECHAS', 'INSTITUCION', 'FECHAS', 'FECHAS', 'FECHAS', 'FECHAS'], ['EDAD_SUJETO_ASISTENCIA', 'PAIS', 'TERRITORIO', 'CALLE', 'PROFESION', 'TERRITORIO', 'MEDICAMENTO', 'MEDICAMENTO', 'FECHAS', 'INSTITUCION', 'FECHAS', 'FECHAS', 'MEDICAMENTO', 'FECHAS', 'NUMERO_TELEFONO', 'NUMERO_TELEFONO', 'NUMERO_TELEFONO', 'NUMERO_TELEFONO', 'NUMERO_TELEFONO', 'MEDICAMENTO', 'MEDICAMENTO', 'MEDICAMENTO', 'NUMERO_TELEFONO', 'MEDICAMENTO', 'MEDICAMENTO', 'MEDICAMENTO']]",1.0,3.3430050999697345,es
43,CARMEN-I_IA_ANTECEDENTES_135.txt,0.2857142857142857,0.6666666666666666,0.4,0.7868043843089896,0,"[['SEXO_SUJETO_ASISTENCIA', 'EDAD_SUJETO_ASISTENCIA', 'PROFESION'], ['EDAD_SUJETO_ASISTENCIA', 'PROFESION', 'FAMILIARES_SUJETO_ASISTENCIA', 'FAMILIARES_SUJETO_ASISTENCIA', 'OTROS_SUJETO_ASISTENCIA', 'OTROS_SUJETO_ASISTENCIA', 'OTROS_SUJETO_ASISTENCIA']]",1.0,3.139185336689942,es
44,CARMEN-I_IA_ANTECEDENTES_136.txt,0.5,0.3333333333333333,0.4,0.9740784168488669,65,"[['SEXO_SUJETO_ASISTENCIA', 'EDAD_SUJETO_ASISTENCIA', 'FECHAS'], ['EDAD_SUJETO_ASISTENCIA', 'TAMSULOSINA']]",0.015384615384615385,2.2227963655668157,es
45,CARMEN-I_IA_ANTECEDENTES_137.txt,0.3548387096774194,0.8461538461538461,0.5,0.9022199695743117,0,"[['EDAD_SUJETO_ASISTENCIA', 'PAIS', 'PAIS', 'TERRITORIO', 'PAIS', 'PAIS', 'TERRITORIO', 'PAIS', 'FECHAS', 'FECHAS', 'PAIS', 'PROFESION', 'FAMILIARES_SUJETO_ASISTENCIA'], ['EDAD_SUJETO_ASISTENCIA', 'FAMILIARES_SUJETO_ASISTENCIA', 'FUMADOR', 'OTROS_SUJETO_ASISTENCIA', 'IQ', 'PAIS', 'FAMILIARES_SUJETO_ASISTENCIA', 'PAIS', 'PAIS', 'TERRITORIO', 'PAIS', 'PAIS', 'TERRITORIO', 'TERRITORIO', 'FECHAS', 'FECHAS', 'PAIS', 'PROFESION', 'OTROS_SUJETO_ASISTENCIA', 'PROFILAXIS', 'MEDICAMENTOS', 'AGUA', 'LAVADO_DE_DIENTES', 'AGUA', 'COMIDA', 'NUMERO_PERSONAS_DOMICILIO', 'ANIMALES_DOMICILIO', 'MORDEDURAS', 'BAÑO', 'LAGO', 'RELACIONES_RIESGO']]",1.0,3.6032125254055773,es
46,CARMEN-I_IA_ANTECEDENTES_138.txt,0.3333333333333333,0.03125,0.05714285714285714,0.8655063338743831,503,"[['SEXO_SUJETO_ASISTENCIA', 'EDAD_SUJETO_ASISTENCIA', 'EDAD_SUJETO_ASISTENCIA', 'EDAD_SUJETO_ASISTENCIA', 'FECHAS', 'FECHAS', 'HOSPITAL', 'FECHAS', 'NOMBRE_PERSONAL_SANITARIO', 'HOSPITAL', 'FECHAS', 'FECHAS', 'FECHAS', 'FECHAS', 'FECHAS', 'FECHAS', 'NOMBRE_PERSONAL_SANITARIO', 'HOSPITAL', 'FECHAS', 'HOSPITAL', 'FECHAS', 'FECHAS', 'HOSPITAL', 'FECHAS', 'FECHAS', 'FECHAS', 'FECHAS', 'FECHAS', 'FECHAS', 'FECHAS', 'NOMBRE_PERSONAL_SANITARIO', 'FECHAS'], ['EDAD_SUJETO_ASISTENCIA', '41 paquetes-año']]",0.0019880715705765406,1.28922059592115,es
47,CARMEN-I_IA_ANTECEDENTES_139.txt,1.0,1.0,1.0,0.9999999999999996,0,"[[], []]",1.0,5.0,es
48,CARMEN-I_IA_ANTECEDENTES_14.txt,1.0,0.16666666666666666,0.2857142857142857,0.7695769157247055,101,"[['PAIS', 'TERRITORIO', 'FECHAS', 'PAIS', 'PROFESION', 'FAMILIARES_SUJETO_ASISTENCIA'], ['PAIS']]",0.009900990099009901,2.231858858204668,es
49,CARMEN-I_IA_ANTECEDENTES_140.txt,0.29411764705882354,0.625,0.4,0.8689344902218209,0,"[['SEXO_SUJETO_ASISTENCIA', 'EDAD_SUJETO_ASISTENCIA', 'INSTITUCION', 'FECHAS', 'FECHAS', 'HOSPITAL', 'FECHAS', 'TERRITORIO'], ['EDAD_SUJETO_ASISTENCIA', 'FECHAS', 'FECHAS', 'FECHAS', 'FECHAS', 'FECHAS', 'INSTITUCION', 'FECHAS', 'PROFESION', 'FECHAS', 'FECHAS', 'FECHAS', 'FECHAS', 'FECHAS', 'FECHAS', 'FECHAS', 'FECHAS']]",1.0,3.1880521372806445,es
50,CARMEN-I_IA_ANTECEDENTES_141.txt,0.2727272727272727,0.8333333333333334,0.4109589041095891,0.8507340740970463,0,"[['SEXO_SUJETO_ASISTENCIA', 'EDAD_SUJETO_ASISTENCIA', 'PROFESION', 'PROFESION', 'PROFESION', 'TERRITORIO', 'FAMILIARES_SUJETO_ASISTENCIA', 'FAMILIARES_SUJETO_ASISTENCIA', 'FECHAS', 'INSTITUCION', 'FECHAS', 'FECHAS', 'FECHAS', 'FECHAS', 'FECHAS', 'FECHAS', 'NOMBRE_PERSONAL_SANITARIO', 'NOMBRE_PERSONAL_SANITARIO'], ['EDAD_SUJETO_ASISTENCIA', '50 paq-año', '4 años', '1 botella vino/d', 'UBE', 'PROFESION', 'PROFESION', 'PROFESION', 'TERRITORIO', 'OTROS_SUJETO_ASISTENCIA', 'FECHAS', 'CENTRO_SALUD', 'FAMILIARES_SUJETO_ASISTENCIA', 'FAMILIARES_SUJETO_ASISTENCIA', 'INSTITUCION', '30 años', 'INSTITUCION', 'NOMBRE_PERSONAL_SANITARIO', 'NOMBRE_PERSONAL_SANITARIO', 'mg', 'NOMBRE_PERSONAL_SANITARIO', 'mg', 'FAMILIARES_SUJETO_ASISTENCIA', 'LARINGE', 'T3N0M0', 'FAMILIARES_SUJETO_ASISTENCIA', 'FECHAS', 'FAMILIARES_SUJETO_ASISTENCIA', 'FAMILIARES_SUJETO_ASISTENCIA', 'FAMILIARES_SUJETO_ASISTENCIA', 'FAMILIARES_SUJETO_ASISTENCIA', 'FAMILIARES_SUJETO_ASISTENCIA', 'FECHAS', 'FAMILIARES_SUJETO_ASISTENCIA', 'FAMILIARES_SUJETO_ASISTENCIA', 'FAMILIARES_SUJETO_ASISTENCIA', 'FAMILIARES_SUJETO_ASISTENCIA', 'mm', 'm', 'mm', 'FAMILIARES_SUJETO_ASISTENCIA', 'FAMILIARES_SUJETO_ASISTENCIA', 'mg/m2', 'FECHAS', 'FAMILIARES_SUJETO_ASISTENCIA', 'FECHAS', 'FECHAS', 'CENTRO_SALUD', 'NOMBRE_PERSONAL_SANITARIO', 'NOMBRE_PERSONAL_SANITARIO']]",1.0,3.3677535842672413,es
51,CARMEN-I_IA_ANTECEDENTES_15.txt,0.08695652173913043,0.6666666666666666,0.15384615384615383,0.47044284847801243,0,"[['SEXO_SUJETO_ASISTENCIA', 'EDAD_SUJETO_ASISTENCIA', 'FECHAS', 'FECHAS', 'FECHAS', 'FECHAS'], ['EDAD_SUJETO_ASISTENCIA', 'MEDICAMENTO', 'MEDICAMENTO', 'MEMBRE', 'ENFERMEDAD', 'ENFERMEDAD', 'ENFERMEDAD', 'FECHAS', 'SÍNTOMA', 'MEDICAMENTO', 'MEDICAMENTO', 'TRATAMIENTO', 'FECHAS', 'RITMO', 'MEDICAMENTO', 'MEDICAMENTO', 'EXAMEN_MEDICO', 'FECHAS', 'RESULTADO_EXAMEN', 'ORGANO', 'ENFERMEDAD', 'ENFERMEDAD', 'ENFERMEDAD', 'ORGANO', 'ORGANO', 'ENFERMEDAD', 'PROTESI', 'DOLOR', 'NIVEL', 'ENFERMEDAD', 'ENFERMEDAD', 'MEDICAMENTO', 'DOSE', 'MEDICAMENTO', 'DOSE', 'MEDICAMENTO', 'DOSE', 'MEDICAMENTO', 'DOSE', 'MEDICAMENTO', 'MEDICAMENTO', 'DOSE', 'MEDICAMENTO', 'DOSE', 'MEDICAMENTO', 'DOSE']]",1.0,2.3779121907299636,es
52,CARMEN-I_IA_ANTECEDENTES_16.txt,0.08108108108108109,0.25,0.12244897959183675,0.5452437630809231,0,"[['SEXO_SUJETO_ASISTENCIA', 'EDAD_SUJETO_ASISTENCIA', 'FAMILIARES_SUJETO_ASISTENCIA', 'FECHAS', 'FECHAS', 'FECHAS', 'FECHAS', 'HOSPITAL', 'FECHAS', 'FECHAS', 'HOSPITAL', 'FECHAS'], ['EDAD_SUJETO_ASISTENCIA', 'OTROS_SUJETO_ASISTENCIA', 'FAMILIARES_SUJETO_ASISTENCIA', 'FAMILIARES_SUJETO_ASISTENCIA', 'INSTITUCION', 'PROFESION', 'FAMILIARES_SUJETO_ASISTENCIA', 'PROFESION', 'PROFESION', 'FAMILIARES_SUJETO_ASISTENCIA', 'FAMILIARES_SUJETO_ASISTENCIA', 'PROFESION', 'HOSPITAL', 'PROFESION', 'PROFESION', 'PROFESION', 'PROFESION', 'PROFESION', 'PROFESION', 'PROFESION', 'PROFESION', 'PROFESION', 'PROFESION', 'PROFESION', 'PROFESION', 'PROFESION', 'PROFESION', 'PROFESION', 'PROFESION', 'PROFESION', 'PROFESION', 'PROFESION', 'PROFESION', 'PROFESION', 'PROFESION', 'PROFESION', 'PROFESION']]",1.0,1.998773823753841,es
53,CARMEN-I_IA_ANTECEDENTES_17.txt,0.05263157894736842,0.5,0.09523809523809525,0.22234686862157083,0,"[['SEXO_SUJETO_ASISTENCIA', 'EDAD_SUJETO_ASISTENCIA'], ['EDAD_SUJETO_ASISTENCIA', 'NUMERO_MEDICAMENTO', 'NUMERO_MEDICAMENTO', 'NUMERO_MEDICAMENTO', 'NUMERO_MEDICAMENTO', 'NUMERO_MEDICAMENTO', 'NUMERO_MEDICAMENTO', 'NUMERO_MEDICAMENTO', 'NUMERO_MEDICAMENTO', 'NUMERO_MEDICAMENTO', 'NUMERO_MEDICAMENTO', 'NUMERO_MEDICAMENTO', 'NUMERO_MEDICAMENTO', 'NUMERO_MEDICAMENTO', 'NUMERO_MEDICAMENTO', 'NUMERO_MEDICAMENTO', 'NUMERO_MEDICAMENTO', 'NUMERO_MEDICAMENTO', 'NUMERO_MEDICAMENTO']]",1.0,1.8702165428070345,es
54,CARMEN-I_IA_ANTECEDENTES_18.txt,1.0,0.13333333333333333,0.23529411764705882,0.9381348728622376,227,"[['SEXO_SUJETO_ASISTENCIA', 'EDAD_SUJETO_ASISTENCIA', 'PROFESION', 'FAMILIARES_SUJETO_ASISTENCIA', 'FAMILIARES_SUJETO_ASISTENCIA', 'FECHAS', 'HOSPITAL', 'FECHAS', 'FECHAS', 'FECHAS', 'FECHAS', 'FECHAS', 'HOSPITAL', 'FECHAS', 'FECHAS'], ['EDAD_SUJETO_ASISTENCIA', 'PROFESION']]",0.004405286343612335,2.311167610186242,es
55,CARMEN-I_IA_ANTECEDENTES_19.txt,0.2857142857142857,0.26666666666666666,0.2758620689655172,0.8810502996125342,0,"[['EDAD_SUJETO_ASISTENCIA', 'FAMILIARES_SUJETO_ASISTENCIA', 'FAMILIARES_SUJETO_ASISTENCIA', 'FAMILIARES_SUJETO_ASISTENCIA', 'TERRITORIO', 'PROFESION', 'FECHAS', 'FECHAS', 'FECHAS', 'FECHAS', 'FECHAS', 'FECHAS', 'FECHAS', 'FECHAS', 'FECHAS'], ['EDAD_SUJETO_ASISTENCIA', 'TERRITORIO', 'PROFESION', 'FAMILIARES_SUJETO_ASISTENCIA', 'FAMILIARES_SUJETO_ASISTENCIA', 'FAMILIARES_SUJETO_ASISTENCIA', 'HOSPITAL', 'FAMILIARES_SUJETO_ASISTENCIA', 'FAMILIARES_SUJETO_ASISTENCIA', 'FAMILIARES_SUJETO_ASISTENCIA', 'FAMILIARES_SUJETO_ASISTENCIA', 'PROFESION', 'HOSPITAL', 'FAMILIARES_SUJETO_ASISTENCIA']]",1.0,2.709293320959004,es
56,CARMEN-I_IA_ANTECEDENTES_2.txt,0.6666666666666666,0.10526315789473684,0.18181818181818182,0.8473075717285764,256,"[['SEXO_SUJETO_ASISTENCIA', 'EDAD_SUJETO_ASISTENCIA', 'FECHAS', 'FECHAS', 'FECHAS', 'FECHAS', 'FECHAS', 'FECHAS', 'FECHAS', 'FECHAS', 'FECHAS', 'FECHAS', 'FECHAS', 'FECHAS', 'FECHAS', 'FECHAS', 'FECHAS', 'FECHAS', 'NOMBRE_PERSONAL_SANITARIO'], ['EDAD_SUJETO_ASISTENCIA', 'OTROS_SUJETO_ASISTENCIA', 'NOMBRE_PERSONAL_SANITARIO']]",0.00390625,1.8049618281081616,es
57,CARMEN-I_IA_ANTECEDENTES_20.txt,0.6,0.6,0.6,0.9333603586928575,0,"[['EDAD_SUJETO_ASISTENCIA', 'PAIS', 'TERRITORIO', 'FECHAS', 'FECHAS'], ['EDAD_SUJETO_ASISTENCIA', 'PAIS', 'TERRITORIO', 'OTROS_SUJETO_ASISTENCIA', 'FAMILIARES_SUJETO_ASISTENCIA']]",1.0,3.7333603586928574,es
58,CARMEN-I_IA_ANTECEDENTES_21.txt,0.5,0.75,0.6,0.8480109378668399,274,"[['SEXO_SUJETO_ASISTENCIA', 'EDAD_SUJETO_ASISTENCIA', 'FAMILIARES_SUJETO_ASISTENCIA', 'FAMILIARES_SUJETO_ASISTENCIA'], ['EDAD_SUJETO_ASISTENCIA', 'FAMILIARES_SUJETO_ASISTENCIA', 'FAMILIARES_SUJETO_ASISTENCIA', 'FAMILIARES_SUJETO_ASISTENCIA', 'FAMILIARES_SUJETO_ASISTENCIA', 'FAMILIARES_SUJETO_ASISTENCIA']]",0.0036496350364963502,2.7016605729033367,es
59,CARMEN-I_IA_ANTECEDENTES_22.txt,1.0,0.05555555555555555,0.10526315789473684,0.847207658379126,330,"[['SEXO_SUJETO_ASISTENCIA', 'EDAD_SUJETO_ASISTENCIA', 'FAMILIARES_SUJETO_ASISTENCIA', 'FAMILIARES_SUJETO_ASISTENCIA', 'FECHAS', 'HOSPITAL', 'NOMBRE_PERSONAL_SANITARIO', 'FECHAS', 'FECHAS', 'FECHAS', 'FECHAS', 'FECHAS', 'FECHAS', 'HOSPITAL', 'FECHAS', 'FECHAS', 'FECHAS', 'FECHAS'], ['EDAD_SUJETO_ASISTENCIA']]",0.0030303030303030303,2.0110566748597214,es
60,CARMEN-I_IA_ANTECEDENTES_23.txt,0.25,0.8,0.38095238095238093,0.79499625240788,118,"[['SEXO_SUJETO_ASISTENCIA', 'EDAD_SUJETO_ASISTENCIA', 'PAIS', 'TERRITORIO', 'PROFESION'], ['EDAD_SUJETO_ASISTENCIA', '  ', 'PAIS', 'TERRITORIO', '  ', 'PROFESION', '  ', '  ']]",0.00847457627118644,2.2344232096314474,es
61,CARMEN-I_IA_ANTECEDENTES_24.txt,0.6666666666666666,0.8,0.7272727272727272,0.9815920535322838,0,"[['SEXO_SUJETO_ASISTENCIA', 'EDAD_SUJETO_ASISTENCIA', 'PAIS', 'TERRITORIO', 'FECHAS'], ['EDAD_SUJETO_ASISTENCIA', 'PAIS', 'TERRITORIO', 'FECHAS', 'FAMILIARES_SUJETO_ASISTENCIA', 'FAMILIARES_SUJETO_ASISTENCIA']]",1.0,4.175531447471678,es
62,CARMEN-I_IA_ANTECEDENTES_25.txt,0.25,0.4,0.3076923076923077,0.8206056271732165,179,"[['FECHAS', 'PAIS', 'TERRITORIO', 'FAMILIARES_SUJETO_ASISTENCIA', 'FAMILIARES_SUJETO_ASISTENCIA', 'FAMILIARES_SUJETO_ASISTENCIA', 'PROFESION', 'TERRITORIO', 'FAMILIARES_SUJETO_ASISTENCIA', 'TERRITORIO'], ['FECHAS', '1 paq./día', '1-2 UPE/semana', '3 UBE/semana', 'PAIS', 'TERRITORIO', '28 años', 'OTROS_SUJETO_ASISTENCIA', 'CALLE', 'OTROS_SUJETO_ASISTENCIA', 'OTROS_SUJETO_ASISTENCIA', 'TERRITORIO']]",0.00558659217877095,1.7838845270442953,es
63,CARMEN-I_IA_ANTECEDENTES_26.txt,1.0,0.05,0.09523809523809523,0.8801884034615345,370,"[['SEXO_SUJETO_ASISTENCIA', 'EDAD_SUJETO_ASISTENCIA', 'PROFESION', 'FAMILIARES_SUJETO_ASISTENCIA', 'NOMBRE_PERSONAL_SANITARIO', 'FECHAS', 'FECHAS', 'FECHAS', 'FECHAS', 'FECHAS', 'FECHAS', 'FECHAS', 'FECHAS', 'FECHAS', 'FECHAS', 'FECHAS', 'FECHAS', 'NOMBRE_PERSONAL_SANITARIO', 'NOMBRE_PERSONAL_SANITARIO', 'FECHAS'], ['EDAD_SUJETO_ASISTENCIA']]",0.002702702702702703,2.0281292014023324,es
64,CARMEN-I_IA_ANTECEDENTES_27.txt,0.8571428571428571,0.2727272727272727,0.41379310344827586,0.9074761041737337,336,"[['SEXO_SUJETO_ASISTENCIA', 'EDAD_SUJETO_ASISTENCIA', 'PAIS', 'PAIS', 'FAMILIARES_SUJETO_ASISTENCIA', 'FAMILIARES_SUJETO_ASISTENCIA', 'FAMILIARES_SUJETO_ASISTENCIA', 'FAMILIARES_SUJETO_ASISTENCIA', 'FECHAS', 'HOSPITAL', 'HOSPITAL', 'FECHAS', 'PAIS', 'FECHAS', 'FECHAS', 'FECHAS', 'HOSPITAL', 'NOMBRE_PERSONAL_SANITARIO', 'FECHAS', 'FECHAS', 'EDAD_SUJETO_ASISTENCIA', 'FECHAS'], ['EDAD_SUJETO_ASISTENCIA', 'PAIS', 'TERRITORIO', 'HOSPITAL', 'HOSPITAL', 'PAIS', 'HOSPITAL']]",0.002976190476190476,2.4541155279683298,es
65,CARMEN-I_IA_ANTECEDENTES_28.txt,0.06666666666666667,0.5,0.11764705882352941,0.6938060166353727,331,"[['SEXO_SUJETO_ASISTENCIA', 'EDAD_SUJETO_ASISTENCIA', 'FECHAS', 'FAMILIARES_SUJETO_ASISTENCIA', 'FAMILIARES_SUJETO_ASISTENCIA', 'FAMILIARES_SUJETO_ASISTENCIA', 'FAMILIARES_SUJETO_ASISTENCIA', 'PROFESION'], ['EDAD_SUJETO_ASISTENCIA', '  ', '  ', 'ENFERMEDAD_1', 'ENFERMEDAD_2', '  ', 'FECHAS', 'INSTITUCION', '  ', '  ', '  ', '  ', '  ', '  ', 'FAMILIARES_SUJETO_ASISTENCIA', '  ', '  ', '  ', '  ', 'OTROS_SUJETO_ASISTENCIA', 'OTROS_SUJETO_ASISTENCIA', '  ', '  ', 'PROFESION', '  ', '  ']]",0.0030211480362537764,1.3811408901618227,es
66,CARMEN-I_IA_ANTECEDENTES_29.txt,0.3333333333333333,0.9166666666666666,0.4888888888888888,0.7335510803133123,0,"[['FECHAS', 'EDAD_SUJETO_ASISTENCIA', 'FECHAS', 'FECHAS', 'FECHAS', 'FECHAS', 'FECHAS', 'FECHAS', 'FECHAS', 'FECHAS', 'FECHAS', 'FECHAS'], ['EDAD_SUJETO_ASISTENCIA', 'FECHAS', 'FECHAS', 'FECHAS', 'FECHAS', 'FECHAS', 'FECHAS', 'FECHAS', 'FECHAS', 'FECHAS', 'FECHAS', 'FECHAS', 'OTROS_SUJETO_ASISTENCIA', 'OTROS_SUJETO_ASISTENCIA', 'OTROS_SUJETO_ASISTENCIA', 'OTROS_SUJETO_ASISTENCIA', 'OTROS_SUJETO_ASISTENCIA', 'OTROS_SUJETO_ASISTENCIA', 'FECHAS', 'OTROS_SUJETO_ASISTENCIA', 'OTROS_SUJETO_ASISTENCIA', 'FECHAS', 'FECHAS', 'FECHAS', 'OTROS_SUJETO_ASISTENCIA', 'OTROS_SUJETO_ASISTENCIA', 'OTROS_SUJETO_ASISTENCIA', 'FECHAS', 'OTROS_SUJETO_ASISTENCIA', 'OTROS_SUJETO_ASISTENCIA', 'OTROS_SUJETO_ASISTENCIA', 'OTROS_SUJETO_ASISTENCIA', 'OTROS_SUJETO_ASISTENCIA']]",1.0,3.472439969202201,es
67,CARMEN-I_IA_ANTECEDENTES_3.txt,0.5,0.5,0.5,0.9140237818768356,43,"[['SEXO_SUJETO_ASISTENCIA', 'EDAD_SUJETO_ASISTENCIA'], ['EDAD_SUJETO_ASISTENCIA', 'FECHAS']]",0.023255813953488372,2.437279595830324,bi
68,CARMEN-I_IA_ANTECEDENTES_30.txt,0.5555555555555556,0.8333333333333334,0.6666666666666667,0.9348894688413144,0,"[['SEXO_SUJETO_ASISTENCIA', 'EDAD_SUJETO_ASISTENCIA', 'FECHAS', 'HOSPITAL', 'FECHAS', 'FECHAS', 'FECHAS', 'HOSPITAL', 'FECHAS', 'FECHAS', 'FECHAS', 'FECHAS'], ['EDAD_SUJETO_ASISTENCIA', 'OTROS_SUJETO_ASISTENCIA', 'FECHAS', 'FECHAS', 'INSTITUCION', 'FECHAS', 'FECHAS', 'HOSPITAL', 'HOSPITAL', 'HOSPITAL', 'FECHAS', 'HOSPITAL', 'FECHAS', 'FECHAS', 'FECHAS', 'FECHAS', 'FECHAS', 'FECHAS']]",1.0,3.9904450243968697,es
69,CARMEN-I_IA_ANTECEDENTES_31.txt,0.8,0.7272727272727273,0.761904761904762,0.9638807086998861,91,"[['SEXO_SUJETO_ASISTENCIA', 'EDAD_SUJETO_ASISTENCIA', 'PAIS', 'PAIS', 'TERRITORIO', 'FAMILIARES_SUJETO_ASISTENCIA', 'FECHAS', 'PAIS', 'FECHAS', 'FECHAS', 'CENTRO_SALUD'], ['EDAD_SUJETO_ASISTENCIA', 'PAIS', 'PAIS', 'TERRITORIO', 'FECHAS', 'PAIS', 'FECHAS', 'AÑO', 'FECHAS', 'INSTITUCION']]",0.01098901098901099,3.264047208866386,es
70,CARMEN-I_IA_ANTECEDENTES_32.txt,0.003048780487804878,0.038461538461538464,0.005649717514124294,0.8697542760198121,1312,"[['SEXO_SUJETO_ASISTENCIA', 'EDAD_SUJETO_ASISTENCIA', 'FECHAS', 'HOSPITAL', 'FECHAS', 'HOSPITAL', 'FECHAS', 'FECHAS', 'FECHAS', 'HOSPITAL', 'CENTRO_SALUD', 'FECHAS', 'FECHAS', 'FECHAS', 'HOSPITAL', 'HOSPITAL', 'HOSPITAL', 'FECHAS', 'FECHAS', 'HOSPITAL', 'CENTRO_SALUD', 'FECHAS', 'HOSPITAL', 'FECHAS', 'NOMBRE_PERSONAL_SANITARIO', 'FECHAS'], ['EDAD_SUJETO_ASISTENCIA', '  ', '  ', '  ', '  ', '  ', '  ', '  ', '  ', '  ', '  ', '  ', '  ', '  ', '  ', '  ', '  ', '  ', '  ', '  ', '  ', '  ', '  ', '  ', '  ', '  ', '  ', '  ', '  ', '  ', '  ', '  ', '  ', '  ', '  ', '  ', '  ', '  ', '  ', '  ', '  ', '  ', '  ', '  ', '  ', '  ', '  ', '  ', '  ', '  ', '  ', '  ', '  ', '  ', '  ', '  ', '  ', '  ', '  ', '  ', '  ', '  ', '  ', '  ', '  ', '  ', '  ', '  ', '  ', '  ', '  ', '  ', '  ', '  ', '  ', '  ', '  ', '  ', '  ', '  ', '  ', '  ', '  ', '  ', '  ', '  ', '  ', '  ', '  ', '  ', '  ', '  ', '  ', '  ', '  ', '  ', '  ', '  ', '  ', '  ', '  ', '  ', '  ', '  ', '  ', '  ', '  ', '  ', '  ', '  ']]",0.0007621951219512195,0.917676507605231,es
71,CARMEN-I_IA_ANTECEDENTES_33.txt,0.16129032258064516,0.8333333333333334,0.27027027027027023,0.40130196235403115,0,"[['EDAD_SUJETO_ASISTENCIA', 'HOSPITAL', 'FECHAS', 'FECHAS', 'FECHAS', 'FECHAS'], ['EDAD_SUJETO_ASISTENCIA', 'INSTITUCION', 'FECHAS', 'FECHAS', 'FECHAS', 'NUMERO', 'MEMBRE', 'FECHAS', 'MEDICAMENTO', 'DOSE', 'FRECUENCIA', 'MEDICAMENTO', 'DOSE', 'FRECUENCIA', 'MEDICAMENTO', 'DOSE', 'FRECUENCIA', 'MEDICAMENTO', 'DOSE', 'MEDICAMENTO', 'DOSE', 'FRECUENCIA', 'MEDICAMENTO', 'DOSE', 'FRECUENCIA', 'MEDICAMENTO', 'DOSE', 'FRECUENCIA', 'MEDICAMENTO', 'DOSE', 'FRECUENCIA']]",1.0,2.66619588853828,es
72,CARMEN-I_IA_ANTECEDENTES_34.txt,0.6666666666666666,0.6666666666666666,0.6666666666666666,0.8558876801035264,103,"[['SEXO_SUJETO_ASISTENCIA', 'EDAD_SUJETO_ASISTENCIA', 'PROFESION'], ['EDAD_SUJETO_ASISTENCIA', 'PROFESION', 'OTROS_SUJETO_ASISTENCIA']]",0.009708737864077669,2.865596417967604,es
73,CARMEN-I_IA_ANTECEDENTES_35.txt,0.36363636363636365,0.6666666666666666,0.4705882352941177,0.7581147256324705,0,"[['SEXO_SUJETO_ASISTENCIA', 'EDAD_SUJETO_ASISTENCIA', 'EDAD_SUJETO_ASISTENCIA', 'PROFESION', 'FAMILIARES_SUJETO_ASISTENCIA', 'FAMILIARES_SUJETO_ASISTENCIA'], ['EDAD_SUJETO_ASISTENCIA', '1paq/día', 'EDAD_SUJETO_ASISTENCIA', 'PROFESION', 'OTROS_SUJETO_ASISTENCIA', 'OTROS_SUJETO_ASISTENCIA', 'FAMILIARES_SUJETO_ASISTENCIA', 'TRATAMIENTO_HABITUAL', 'INTERVENCIONES QUIRÚRGICAS', 'TRATAMIENTO_HABITUAL']]",1.0,3.2590059912296185,es
74,CARMEN-I_IA_ANTECEDENTES_36.txt,0.4583333333333333,0.8461538461538461,0.5945945945945945,0.9359905688638643,0,"[['SEXO_SUJETO_ASISTENCIA', 'EDAD_SUJETO_ASISTENCIA', 'TERRITORIO', 'FECHAS', 'FECHAS', 'FECHAS', 'FECHAS', 'FECHAS', 'FECHAS', 'HOSPITAL', 'FECHAS', 'FECHAS', 'FECHAS'], ['EDAD_SUJETO_ASISTENCIA', 'EDAD_SUJETO_ASISTENCIA', 'TERRITORIO', 'ENFERMEDAD_SUJETO_ASISTENCIA', 'ENFERMEDAD_SUJETO_ASISTENCIA', 'ENFERMEDAD_SUJETO_ASISTENCIA', 'FECHAS', 'ENFERMEDAD_SUJETO_ASISTENCIA', 'FECHAS', 'ENFERMEDAD_SUJETO_ASISTENCIA', 'ACCIDENTE_SUJETO_ASISTENCIA', 'FECHAS', 'ENFERMEDAD_SUJETO_ASISTENCIA', 'FECHAS', 'FECHAS', 'ENFERMEDAD_SUJETO_ASISTENCIA', 'FECHAS', 'ENFERMEDAD_SUJETO_ASISTENCIA', 'FECHAS', 'ENFERMEDAD_SUJETO_ASISTENCIA', 'FECHAS', 'ENFERMEDAD_SUJETO_ASISTENCIA', 'ENFERMEDAD_SUJETO_ASISTENCIA', 'FECHAS']]",1.0,3.8350723429456384,es
75,CARMEN-I_IA_ANTECEDENTES_37.txt,0.3333333333333333,0.5,0.4,0.9105201974367982,47,"[['SEXO_SUJETO_ASISTENCIA', 'EDAD_SUJETO_ASISTENCIA'], ['EDAD_SUJETO_ASISTENCIA', '20mg/d', 'sp']]",0.02127659574468085,2.165130126514813,es
76,CARMEN-I_IA_ANTECEDENTES_38.txt,0.1,0.25,0.14285714285714288,0.7039676185779002,0,"[['SEXO_SUJETO_ASISTENCIA', 'EDAD_SUJETO_ASISTENCIA', 'FAMILIARES_SUJETO_ASISTENCIA', 'FECHAS'], ['EDAD_SUJETO_ASISTENCIA', 'NUMERO_MEDICAMENTO', 'NUMERO_MEDICAMENTO', 'NUMERO_MEDICAMENTO', 'NUMERO_MEDICAMENTO', 'NUMERO_MEDICAMENTO', 'NUMERO_MEDICAMENTO', 'NUMERO_MEDICAMENTO', 'NUMERO_MEDICAMENTO', 'NUMERO_MEDICAMENTO']]",1.0,2.1968247614350433,es
77,CARMEN-I_IA_ANTECEDENTES_4.txt,1.0,0.3333333333333333,0.5,0.9498675643892153,115,"[['SEXO_SUJETO_ASISTENCIA', 'EDAD_SUJETO_ASISTENCIA', 'FAMILIARES_SUJETO_ASISTENCIA', 'HOSPITAL', 'FECHAS', 'FECHAS', 'FECHAS', 'HOSPITAL', 'FECHAS'], ['EDAD_SUJETO_ASISTENCIA', 'HOSPITAL', 'HOSPITAL']]",0.008695652173913044,2.7918965498964616,es
78,CARMEN-I_IA_ANTECEDENTES_40.txt,0.8571428571428571,0.8571428571428571,0.8571428571428571,0.9812616345729577,0,"[['EDAD_SUJETO_ASISTENCIA', 'FECHAS', 'HOSPITAL', 'FECHAS', 'FECHAS', 'INSTITUCION', 'FECHAS'], ['EDAD_SUJETO_ASISTENCIA', 'FECHAS', 'HOSPITAL', 'FECHAS', 'FECHAS', 'CENTRO_SALUD', 'FECHAS']]",1.0,4.552690206001529,es
79,CARMEN-I_IA_ANTECEDENTES_41.txt,1.0,0.25806451612903225,0.41025641025641024,0.8961751795094489,355,"[['SEXO_SUJETO_ASISTENCIA', 'EDAD_SUJETO_ASISTENCIA', 'PAIS', 'TERRITORIO', 'FAMILIARES_SUJETO_ASISTENCIA', 'PROFESION', 'FAMILIARES_SUJETO_ASISTENCIA', 'FECHAS', 'PAIS', 'HOSPITAL', 'FECHAS', 'FECHAS', 'FECHAS', 'FECHAS', 'FECHAS', 'FECHAS', 'FECHAS', 'FECHAS', 'FECHAS', 'FECHAS', 'FECHAS', 'FECHAS', 'FECHAS', 'FECHAS', 'FECHAS', 'FECHAS', 'HOSPITAL', 'FECHAS', 'HOSPITAL', 'FECHAS', 'FECHAS'], ['EDAD_SUJETO_ASISTENCIA', 'PAIS', 'TERRITORIO', 'PROFESION', 'PAIS', 'HOSPITAL', 'HOSPITAL', 'HOSPITAL']]",0.0028169014084507044,2.5673130073033423,es
80,CARMEN-I_IA_ANTECEDENTES_42.txt,1.0,0.07692307692307693,0.14285714285714288,0.88321094081801,178,"[['EDAD_SUJETO_ASISTENCIA', 'FAMILIARES_SUJETO_ASISTENCIA', 'FECHAS', 'FECHAS', 'FECHAS', 'FECHAS', 'FECHAS', 'FECHAS', 'FECHAS', 'FECHAS', 'FECHAS', 'FECHAS', 'FECHAS'], ['EDAD_SUJETO_ASISTENCIA']]",0.0056179775280898875,2.1086091381263197,es
81,CARMEN-I_IA_ANTECEDENTES_43.txt,0.5,0.07692307692307693,0.13333333333333336,0.2774249403283772,1340,"[['SEXO_SUJETO_ASISTENCIA', 'EDAD_SUJETO_ASISTENCIA', 'FECHAS', 'FECHAS', 'FECHAS', 'FECHAS', 'HOSPITAL', 'NOMBRE_PERSONAL_SANITARIO', 'FECHAS', 'NOMBRE_PERSONAL_SANITARIO', 'FECHAS', 'FECHAS', 'FECHAS'], ['EDAD_SUJETO_ASISTENCIA', 'NUMERO_MEDICAMENTOS']]",0.0007462686567164179,0.9884276192415039,es
82,CARMEN-I_IA_ANTECEDENTES_44.txt,1.0,0.047619047619047616,0.0909090909090909,0.7507842700852502,277,"[['SEXO_SUJETO_ASISTENCIA', 'EDAD_SUJETO_ASISTENCIA', 'FECHAS', 'FECHAS', 'FECHAS', 'FECHAS', 'NUMERO_IDENTIF', 'FECHAS', 'FECHAS', 'FECHAS', 'FECHAS', 'FECHAS', 'FECHAS', 'FECHAS', 'FECHAS', 'FECHAS', 'FECHAS', 'FECHAS', 'FECHAS', 'FECHAS', 'FECHAS'], ['EDAD_SUJETO_ASISTENCIA']]",0.0036101083032490976,1.892922516916638,es
83,CARMEN-I_IA_ANTECEDENTES_45.txt,1.0,0.8571428571428571,0.923076923076923,0.9583924518309495,41,"[['SEXO_SUJETO_ASISTENCIA', 'EDAD_SUJETO_ASISTENCIA', 'FECHAS', 'FECHAS', 'FECHAS', 'FECHAS', 'FECHAS'], ['EDAD_SUJETO_ASISTENCIA', 'FECHAS', 'FECHAS', 'FECHAS', 'FECHAS', 'FECHAS']]",0.024390243902439025,3.7630024759531686,es
84,CARMEN-I_IA_ANTECEDENTES_46.txt,0.4,0.2,0.26666666666666666,0.808667824424736,156,"[['SEXO_SUJETO_ASISTENCIA', 'EDAD_SUJETO_ASISTENCIA', 'EDAD_SUJETO_ASISTENCIA', 'FECHAS', 'HOSPITAL', 'FECHAS', 'FECHAS', 'FECHAS', 'FECHAS', 'FECHAS'], ['EDAD_SUJETO_ASISTENCIA', 'EDAD_SUJETO_ASISTENCIA', 'INSTITUCION', 'INSTITUCION', 'INSTITUCION']]",0.00641025641025641,1.681744747501659,es
85,CARMEN-I_IA_ANTECEDENTES_47.txt,0.0851063829787234,0.3333333333333333,0.13559322033898305,0.6669402667636809,0,"[['SEXO_SUJETO_ASISTENCIA', 'EDAD_SUJETO_ASISTENCIA', 'ID_SUJETO_ASISTENCIA', 'PAIS', 'TERRITORIO', 'FECHAS', 'FECHAS', 'FECHAS', 'FECHAS', 'FECHAS', 'FECHAS', 'FECHAS'], ['EDAD_SUJETO_ASISTENCIA', 'PAIS', 'PAIS', 'TERRITORIO', 'FECHAS', 'DIU', 'ENFERMEDAD', 'ENFERMEDAD', 'MEDICAMENTO', 'ANÁLISIS', 'ENFERMEDAD', 'SÍNTOMA', 'SÍNTOMA', 'ESPECIALIDAD', 'ANÁLISIS', 'ENFERMEDAD', 'ENFERMEDAD', 'ENFERMEDAD', 'ENFERMEDAD', 'TRATAMIENTO', 'ANÁLISIS', 'ORGANO', 'SÍNTOMA', 'SÍNTOMA', 'ENFERMEDAD', 'ORGANO', 'ORGANO', 'ORGANO', 'SÍNTOMA', 'ENFERMEDAD', 'SÍNTOMA', 'CENTRO_SALUD', 'SÍNTOMA', 'MEDICAMENTO', 'CAUSA', 'ANÁLISIS', 'SÍNTOMA', 'ENFERMEDAD', 'ESPECIALIDAD', 'SÍNTOMA', 'DIU', 'ESPECIALIDAD', 'ORGANO', 'MEDICAMENTO', 'MEDICAMENTO', 'MEDICAMENTO', 'MEDICAMENTO']]",1.0,2.2209732034147205,es
86,CARMEN-I_IA_ANTECEDENTES_48.txt,1.0,0.6666666666666666,0.8,0.9894633490573285,37,"[['SEXO_SUJETO_ASISTENCIA', 'EDAD_SUJETO_ASISTENCIA', 'PROFESION'], ['EDAD_SUJETO_ASISTENCIA', 'PROFESION']]",0.02702702702702703,3.4831570427510226,es
87,CARMEN-I_IA_ANTECEDENTES_49.txt,0.5,0.17647058823529413,0.2608695652173913,0.8936571001433549,253,"[['EDAD_SUJETO_ASISTENCIA', 'FAMILIARES_SUJETO_ASISTENCIA', 'PROFESION', 'FAMILIARES_SUJETO_ASISTENCIA', 'FECHAS', 'FECHAS', 'FECHAS', 'FECHAS', 'FECHAS', 'FECHAS', 'HOSPITAL', 'FECHAS', 'FECHAS', 'FECHAS', 'FECHAS', 'OTROS_SUJETO_ASISTENCIA', 'FECHAS'], ['EDAD_SUJETO_ASISTENCIA', 'PROFESION', 'HOSPITAL', 'PROFESION', 'paracetamol', 'Metamizol']]",0.003952569169960474,1.8349498227660008,es
88,CARMEN-I_IA_ANTECEDENTES_5.txt,1.0,0.08333333333333333,0.15384615384615385,0.29915918170876976,4973,"[['EDAD_SUJETO_ASISTENCIA', 'PROFESION', 'TERRITORIO', 'FAMILIARES_SUJETO_ASISTENCIA', 'FAMILIARES_SUJETO_ASISTENCIA', 'FECHAS', 'FECHAS', 'FECHAS', 'FECHAS', 'FECHAS', 'FECHAS', 'FECHAS', 'FECHAS', 'FECHAS', 'FECHAS', 'FECHAS', 'FECHAS', 'FECHAS', 'FECHAS', 'FECHAS', 'FECHAS', 'FECHAS', 'FECHAS', 'NOMBRE_PERSONAL_SANITARIO'], ['EDAD_SUJETO_ASISTENCIA', 'PROFESION']]",0.00020108586366378444,1.5365397547519208,es
89,CARMEN-I_IA_ANTECEDENTES_50.txt,0.4,0.3333333333333333,0.3636363636363636,0.6950978686256758,153,"[['SEXO_SUJETO_ASISTENCIA', 'EDAD_SUJETO_ASISTENCIA', 'EDAD_SUJETO_ASISTENCIA', 'FAMILIARES_SUJETO_ASISTENCIA', 'FECHAS', 'FECHAS'], ['EDAD_SUJETO_ASISTENCIA', 'EDAD_SUJETO_ASISTENCIA', 'MEDICAMENTOS', 'MEDICAMENTOS', 'MEDICAMENTOS']]",0.006535947712418301,1.798603513307791,es
90,CARMEN-I_IA_ANTECEDENTES_51.txt,1.0,0.0625,0.11764705882352941,0.809867699347643,210,"[['SEXO_SUJETO_ASISTENCIA', 'EDAD_SUJETO_ASISTENCIA', 'FECHAS', 'FECHAS', 'FECHAS', 'FECHAS', 'FECHAS', 'FECHAS', 'FECHAS', 'FECHAS', 'FECHAS', 'FECHAS', 'FECHAS', 'FECHAS', 'FECHAS', 'FECHAS'], ['EDAD_SUJETO_ASISTENCIA']]",0.004761904761904762,1.9947766629330772,es
91,CARMEN-I_IA_ANTECEDENTES_52.txt,0.6666666666666666,0.4,0.5,0.8534112446970987,61,"[['SEXO_SUJETO_ASISTENCIA', 'EDAD_SUJETO_ASISTENCIA', 'PAIS', 'FAMILIARES_SUJETO_ASISTENCIA', 'PROFESION'], ['EDAD_SUJETO_ASISTENCIA', 'PAIS', 'OTROS_SUJETO_ASISTENCIA']]",0.01639344262295082,2.436471353986716,es
92,CARMEN-I_IA_ANTECEDENTES_53.txt,0.6153846153846154,0.8888888888888888,0.7272727272727274,0.7576528691357917,0,"[['SEXO_SUJETO_ASISTENCIA', 'EDAD_SUJETO_ASISTENCIA', 'PROFESION', 'PAIS', 'TERRITORIO', 'FAMILIARES_SUJETO_ASISTENCIA', 'FAMILIARES_SUJETO_ASISTENCIA', 'FECHAS', 'FECHAS'], ['EDAD_SUJETO_ASISTENCIA', 'PROFESION', 'PAIS', 'TERRITORIO', 'FAMILIARES_SUJETO_ASISTENCIA', 'FAMILIARES_SUJETO_ASISTENCIA', 'MEDICAMENTO', 'FAMILIARES_SUJETO_ASISTENCIA', 'FAMILIARES_SUJETO_ASISTENCIA', 'FECHAS', 'FECHAS', 'MEDICAMENTO', 'MEDICAMENTO']]",1.0,3.9891991006820233,es
93,CARMEN-I_IA_ANTECEDENTES_54.txt,0.6666666666666666,0.6666666666666666,0.6666666666666666,0.9187395881592217,61,"[['SEXO_SUJETO_ASISTENCIA', 'EDAD_SUJETO_ASISTENCIA', 'PAIS'], ['EDAD_SUJETO_ASISTENCIA', 'PAIS', 'OTROS_SUJETO_ASISTENCIA']]",0.01639344262295082,2.9351330307821724,es
94,CARMEN-I_IA_ANTECEDENTES_55.txt,0.05,0.07692307692307693,0.060606060606060615,0.829192957251522,0,"[['FECHAS', 'FECHAS', 'FECHAS', 'FECHAS', 'FECHAS', 'FECHAS', 'FECHAS', 'FECHAS', 'HOSPITAL', 'FECHAS', 'FECHAS', 'FECHAS', 'FECHAS'], ['FECHAS', 'OTROS_SUJETO_ASISTENCIA', 'OTROS_SUJETO_ASISTENCIA', 'OTROS_SUJETO_ASISTENCIA', 'OTROS_SUJETO_ASISTENCIA', 'OTROS_SUJETO_ASISTENCIA', 'INSTITUCION', 'OTROS_SUJETO_ASISTENCIA', 'OTROS_SUJETO_ASISTENCIA', 'OTROS_SUJETO_ASISTENCIA', 'OTROS_SUJETO_ASISTENCIA', 'OTROS_SUJETO_ASISTENCIA', 'OTROS_SUJETO_ASISTENCIA', 'OTROS_SUJETO_ASISTENCIA', 'OTROS_SUJETO_ASISTENCIA', 'OTROS_SUJETO_ASISTENCIA', 'OTROS_SUJETO_ASISTENCIA', 'OTROS_SUJETO_ASISTENCIA', 'OTROS_SUJETO_ASISTENCIA', 'OTROS_SUJETO_ASISTENCIA']]",1.0,2.0167220947806594,cat
95,CARMEN-I_IA_ANTECEDENTES_56.txt,1.0,1.0,1.0,0.9999999999999996,4,"[[], []]",0.25,4.25,es
96,CARMEN-I_IA_ANTECEDENTES_57.txt,0.08333333333333333,0.14285714285714285,0.10526315789473685,0.7845259958279743,321,"[['PAIS', 'FECHAS', 'FECHAS', 'FAMILIARES_SUJETO_ASISTENCIA', 'FECHAS', 'FECHAS', 'FECHAS'], ['PAIS', 'MEDICAMENTO', 'MEDICAMENTO', 'MEDICAMENTO', 'ENFERMEDAD', 'ENFERMEDAD', 'ENFERMEDAD', 'MEDICAMENTO', 'MEDICAMENTO', 'MEDICAMENTO', 'MEDICAMENTO', 'MEDICAMENTO']]",0.003115264797507788,1.119094894710695,es
97,CARMEN-I_IA_ANTECEDENTES_58.txt,0.03755868544600939,0.6666666666666666,0.07111111111111111,0.17801071325511814,0,"[['SEXO_SUJETO_ASISTENCIA', 'EDAD_SUJETO_ASISTENCIA', 'FECHAS', 'FECHAS', 'FECHAS', 'FECHAS', 'FECHAS', 'FECHAS', 'FECHAS', 'HOSPITAL', 'FECHAS', 'FECHAS'], ['EDAD_SUJETO_ASISTENCIA', '10 cigarrillos/día', 'FECHAS', '01/2011', 'HOSPITAL', '01/2011', 'FECHAS', 'FECHAS', 'FECHAS', 'FECHAS', 'INSTITUCION', '16', 'FECHAS', 'MEDICACIÓN', 'MEDICACIÓN', '50 ml/min', 'FECHAS', 'MEDICACIÓN', 'MEDICACIÓN', 'MEDICACIÓN', 'MEDICACIÓN', 'MEDICACIÓN', 'MEDICACIÓN', 'MEDICACIÓN', 'MEDICACIÓN', 'MEDICACIÓN', 'MEDICACIÓN', 'MEDICACIÓN', 'MEDICACIÓN', 'MEDICACIÓN', 'MEDICACIÓN', 'MEDICACIÓN', 'MEDICACIÓN', 'MEDICACIÓN', 'MEDICACIÓN', 'MEDICACIÓN', 'MEDICACIÓN', 'MEDICACIÓN', 'MEDICACIÓN', 'MEDICACIÓN', 'MEDICACIÓN', 'MEDICACIÓN', 'MEDICACIÓN', 'MEDICACIÓN', 'MEDICACIÓN', 'MEDICACIÓN', 'MEDICACIÓN', 'MEDICACIÓN', 'MEDICACIÓN', 'MEDICACIÓN', 'MEDICACIÓN', 'MEDICACIÓN', 'MEDICACIÓN', 'MEDICACIÓN', 'MEDICACIÓN', 'MEDICACIÓN', 'MEDICACIÓN', 'MEDICACIÓN', 'MEDICACIÓN', 'MEDICACIÓN', 'MEDICACIÓN', 'MEDICACIÓN', 'MEDICACIÓN', 'MEDICACIÓN', 'MEDICACIÓN', 'MEDICACIÓN', 'MEDICACIÓN', 'MEDICACIÓN', 'MEDICACIÓN', 'MEDICACIÓN', 'MEDICACIÓN', 'MEDICACIÓN', 'MEDICACIÓN', 'MEDICACIÓN', 'MEDICACIÓN', 'MEDICACIÓN', 'MEDICACIÓN', 'MEDICACIÓN', 'MEDICACIÓN', 'MEDICACIÓN', 'MEDICACIÓN', 'MEDICACIÓN', 'MEDICACIÓN', 'MEDICACIÓN', 'MEDICACIÓN', 'MEDICACIÓN', 'MEDICACIÓN', 'MEDICACIÓN', 'MEDICACIÓN', 'MEDICACIÓN', 'MEDICACIÓN', 'MEDICACIÓN', 'MEDICACIÓN', 'MEDICACIÓN', 'MEDICACIÓN', 'MEDICACIÓN', 'MEDICACIÓN', 'MEDICACIÓN', 'MEDICACIÓN', 'MEDICACIÓN', 'MEDICACIÓN', 'MEDICACIÓN', 'MEDICACIÓN', 'MEDICACIÓN', 'MEDICACIÓN', 'MEDICACIÓN', 'MEDICACIÓN', 'MEDICACIÓN', 'MEDICACIÓN', 'MEDICACIÓN', 'MEDICACIÓN', 'MEDICACIÓN', 'MEDICACIÓN', 'MEDICACIÓN', 'MEDICACIÓN', 'MEDICACIÓN', 'MEDICACIÓN', 'MEDICACIÓN', 'MEDICACIÓN', 'MEDICACIÓN', 'MEDICACIÓN', 'MEDICACIÓN', 'MEDICACIÓN', 'MEDICACIÓN', 'MEDICACIÓN', 'MEDICACIÓN', 'MEDICACIÓN', 'MEDICACIÓN', 'MEDICACIÓN', 'MEDICACIÓN', 'MEDICACIÓN', 'MEDICACIÓN', 'MEDICACIÓN', 'MEDICACIÓN', 'MEDICACIÓN', 'MEDICACIÓN', 'MEDICACIÓN', 'MEDICACIÓN', 'MEDICACIÓN', 'MEDICACIÓN', 'MEDICACIÓN', 'MEDICACIÓN', 'MEDICACIÓN', 'MEDICACIÓN', 'MEDICACIÓN', 'MEDICACIÓN', 'MEDICACIÓN', 'MEDICACIÓN', 'MEDICACIÓN', 'MEDICACIÓN', 'MEDICACIÓN', 'MEDICACIÓN', 'MEDICACIÓN', 'MEDICACIÓN', 'MEDICACIÓN', 'MEDICACIÓN', 'MEDICACIÓN', 'MEDICACIÓN', 'MEDICACIÓN', 'MEDICACIÓN', 'MEDICACIÓN', 'MEDICACIÓN', 'MEDICACIÓN', 'MEDICACIÓN', 'MEDICACIÓN', 'MEDICACIÓN', 'MEDICACIÓN', 'MEDICACIÓN', 'MEDICACIÓN', 'MEDICACIÓN', 'MEDICACIÓN', 'MEDICACIÓN', 'MEDICACIÓN', 'MEDICACIÓN', 'MEDICACIÓN', 'MEDICACIÓN', 'MEDICACIÓN', 'MEDICACIÓN', 'MEDICACIÓN', 'MEDICACIÓN', 'MEDICACIÓN', 'MEDICACIÓN', 'MEDICACIÓN', 'MEDICACIÓN', 'MEDICACIÓN', 'MEDICACIÓN', 'MEDICACIÓN', 'MEDICACIÓN', 'MEDICACIÓN', 'MEDICACIÓN', 'MEDICACIÓN', 'MEDICACIÓN', 'MEDICACIÓN', 'MEDICACIÓN', 'MEDICACIÓN', 'MEDICACIÓN', 'MEDICACIÓN', 'MEDICACIÓN', 'MEDICACIÓN', 'MEDICACIÓN', 'MEDICACIÓN', 'MEDICACIÓN', 'MEDICACIÓN', 'MEDICACIÓN', 'MEDICACIÓN', 'MEDICACIÓN', 'MEDICACIÓN', 'MEDICACIÓN', 'MEDICACIÓN', 'MEDICACIÓN', 'MEDICACIÓN']]",1.0,1.9533471764789052,es
98,CARMEN-I_IA_ANTECEDENTES_6.txt,0.23809523809523808,0.38461538461538464,0.2941176470588235,0.8131476216879647,539,"[['SEXO_SUJETO_ASISTENCIA', 'EDAD_SUJETO_ASISTENCIA', 'TERRITORIO', 'FAMILIARES_SUJETO_ASISTENCIA', 'FAMILIARES_SUJETO_ASISTENCIA', 'FAMILIARES_SUJETO_ASISTENCIA', 'FAMILIARES_SUJETO_ASISTENCIA', 'TERRITORIO', 'PROFESION', 'FECHAS', 'FECHAS', 'FECHAS', 'FECHAS'], ['EDAD_SUJETO_ASISTENCIA', 'TERRITORIO', 'TERRITORIO', 'PROFESION', 'FAMILIARES_SUJETO_ASISTENCIA', 'MEDICAMENTO', 'FAMILIARES_SUJETO_ASISTENCIA', 'MEDICAMENTO', 'SÍNTOMA', 'FAMILIARES_SUJETO_ASISTENCIA', 'SÍNTOMA', 'MEDICAMENTO', 'MEDICAMENTO', 'ESTUDIO', 'ESTUDIO', 'ESTUDIO', 'ESTUDIO', 'FAMILIARES_SUJETO_ASISTENCIA', 'MEDICAMENTO', 'MEDICAMENTO', 'MEDICAMENTO']]",0.0018552875695732839,1.7318311790269842,es
99,CARMEN-I_IA_ANTECEDENTES_61.txt,1.0,0.09090909090909091,0.16666666666666669,0.9548112805621042,153,"[['EDAD_SUJETO_ASISTENCIA', 'INSTITUCION', 'FAMILIARES_SUJETO_ASISTENCIA', 'FECHAS', 'FECHAS', 'FECHAS', 'FECHAS', 'FECHAS', 'FECHAS', 'FECHAS', 'FECHAS'], ['EDAD_SUJETO_ASISTENCIA']]",0.006535947712418301,2.21892298585028,es
